year	round	asset_id	reference_id	latitude	longitude
1950	1	layout-silverstone-1	layout-silverstone-1	52.078611	-1.016944
1950	2	layout-monaco-1	layout-monaco-1	43.734722	7.420556
1950	3	layout-indianapolis-1	layout-indianapolis-1	39.798333	-86.232778
1950	4	layout-bremgarten-1	layout-bremgarten-1	46.95	7.410833
1950	5	layout-spa-francorchamps-1	layout-spa-francorchamps-1	50.437222	5.971389
1950	6	layout-reims-1	layout-reims-1	49.254075	3.930561
1950	7	layout-monza-1	layout-monza-1	45.620556	9.289444
1951	1	layout-bremgarten-1	layout-bremgarten-1	46.95	7.410833
1951	2	layout-indianapolis-1	layout-indianapolis-1	39.798333	-86.232778
1951	3	layout-spa-francorchamps-1	layout-spa-francorchamps-1	50.437222	5.971389
1951	4	layout-reims-1	layout-reims-1	49.254075	3.930561
1951	5	layout-silverstone-1	layout-silverstone-1	52.078611	-1.016944
1951	6	layout-nurburgring-1	layout-nurburgring-1	50.335556	6.9475
1951	7	layout-monza-1	layout-monza-1	45.620556	9.289444
1951	8	layout-pedralbes-1	layout-pedralbes-1	41.390278	2.116667
1952	1	layout-bremgarten-1	layout-bremgarten-1	46.95	7.410833
1952	2	layout-indianapolis-1	layout-indianapolis-1	39.798333	-86.232778
1952	3	layout-spa-francorchamps-1	layout-spa-francorchamps-1	50.437222	5.971389
1952	4	layout-rouen-1	layout-rouen-1	49.330639	1.004583
1952	5	layout-silverstone-1	layout-silverstone-1	52.078611	-1.016944
1952	6	layout-nurburgring-1	layout-nurburgring-1	50.335556	6.9475
1952	7	layout-zandvoort-1	layout-zandvoort-1	52.388819	4.540922
1952	8	layout-monza-1	layout-monza-1	45.620556	9.289444
1953	1	layout-buenos-aires-1	layout-buenos-aires-1	-34.694272	-58.459347
1953	2	layout-indianapolis-1	layout-indianapolis-1	39.798333	-86.232778
1953	3	layout-zandvoort-1	layout-zandvoort-1	52.388819	4.540922
1953	4	layout-spa-francorchamps-1	layout-spa-francorchamps-1	50.437222	5.971389
1953	5	layout-reims-2	layout-reims-2	49.254075	3.930561
1953	6	layout-silverstone-1	layout-silverstone-1	52.078611	-1.016944
1953	7	layout-nurburgring-1	layout-nurburgring-1	50.335556	6.9475
1953	8	layout-bremgarten-1	layout-bremgarten-1	46.95	7.410833
1953	9	layout-monza-1	layout-monza-1	45.620556	9.289444
1954	1	layout-buenos-aires-1	layout-buenos-aires-1	-34.694272	-58.459347
1954	2	layout-indianapolis-1	layout-indianapolis-1	39.798333	-86.232778
1954	3	layout-spa-francorchamps-1	layout-spa-francorchamps-1	50.437222	5.971389
1954	4	layout-reims-2	layout-reims-2	49.254075	3.930561
1954	5	layout-silverstone-1	layout-silverstone-1	52.078611	-1.016944
1954	6	layout-nurburgring-1	layout-nurburgring-1	50.335556	6.9475
1954	7	layout-bremgarten-1	layout-bremgarten-1	46.95	7.410833
1954	8	layout-monza-1	layout-monza-1	45.620556	9.289444
1954	9	layout-pedralbes-1	layout-pedralbes-1	41.390278	2.116667
1955	1	layout-buenos-aires-1	layout-buenos-aires-1	-34.694272	-58.459347
1955	2	layout-monaco-2	layout-monaco-2	43.734722	7.420556
1955	3	layout-indianapolis-1	layout-indianapolis-1	39.798333	-86.232778
1955	4	layout-spa-francorchamps-1	layout-spa-francorchamps-1	50.437222	5.971389
1955	5	layout-zandvoort-1	layout-zandvoort-1	52.388819	4.540922
1955	6	layout-aintree-1	layout-aintree-1	53.476944	-2.940556
1955	7	layout-monza-2	layout-monza-2	45.620556	9.289444
1956	1	layout-buenos-aires-1	layout-buenos-aires-1	-34.694272	-58.459347
1956	2	layout-monaco-2	layout-monaco-2	43.734722	7.420556
1956	3	layout-indianapolis-1	layout-indianapolis-1	39.798333	-86.232778
1956	4	layout-spa-francorchamps-1	layout-spa-francorchamps-1	50.437222	5.971389
1956	5	layout-reims-2	layout-reims-2	49.254075	3.930561
1956	6	layout-silverstone-1	layout-silverstone-1	52.078611	-1.016944
1956	7	layout-nurburgring-1	layout-nurburgring-1	50.335556	6.9475
1956	8	layout-monza-2	layout-monza-2	45.620556	9.289444
1957	1	layout-buenos-aires-1	layout-buenos-aires-1	-34.694272	-58.459347
1957	2	layout-monaco-2	layout-monaco-2	43.734722	7.420556
1957	3	layout-indianapolis-1	layout-indianapolis-1	39.798333	-86.232778
1957	4	layout-rouen-2	layout-rouen-2	49.330639	1.004583
1957	5	layout-aintree-1	layout-aintree-1	53.476944	-2.940556
1957	6	layout-nurburgring-1	layout-nurburgring-1	50.335556	6.9475
1957	7	layout-pescara-1	layout-pescara-1	42.475	14.150833
1957	8	layout-monza-3	layout-monza-3	45.620556	9.289444
1958	1	layout-buenos-aires-1	layout-buenos-aires-1	-34.694272	-58.459347
1958	2	layout-monaco-2	layout-monaco-2	43.734722	7.420556
1958	3	layout-zandvoort-1	layout-zandvoort-1	52.388819	4.540922
1958	4	layout-indianapolis-1	layout-indianapolis-1	39.798333	-86.232778
1958	5	layout-spa-francorchamps-1	layout-spa-francorchamps-1	50.437222	5.971389
1958	6	layout-reims-2	layout-reims-2	49.254075	3.930561
1958	7	layout-silverstone-1	layout-silverstone-1	52.078611	-1.016944
1958	8	layout-nurburgring-1	layout-nurburgring-1	50.335556	6.9475
1958	9	layout-porto-1	layout-porto-1	41.170472	-8.67325
1958	10	layout-monza-3	layout-monza-3	45.620556	9.289444
1958	11	layout-ain-diab-1	layout-ain-diab-1	33.578611	-7.6875
1959	1	layout-monaco-2	layout-monaco-2	43.734722	7.420556
1959	2	layout-indianapolis-1	layout-indianapolis-1	39.798333	-86.232778
1959	3	layout-zandvoort-1	layout-zandvoort-1	52.388819	4.540922
1959	4	layout-reims-2	layout-reims-2	49.254075	3.930561
1959	5	layout-aintree-1	layout-aintree-1	53.476944	-2.940556
1959	6	layout-avus-1	layout-avus-1	52.480556	13.251389
1959	7	layout-monsanto-1	layout-monsanto-1	38.719722	-9.203056
1959	8	layout-monza-3	layout-monza-3	45.620556	9.289444
1959	9	layout-sebring-1	layout-sebring-1	27.454741	-81.348267
1960	1	layout-buenos-aires-1	layout-buenos-aires-1	-34.694272	-58.459347
1960	2	layout-monaco-2	layout-monaco-2	43.734722	7.420556
1960	3	layout-indianapolis-1	layout-indianapolis-1	39.798333	-86.232778
1960	4	layout-zandvoort-1	layout-zandvoort-1	52.388819	4.540922
1960	5	layout-spa-francorchamps-1	layout-spa-francorchamps-1	50.437222	5.971389
1960	6	layout-reims-2	layout-reims-2	49.254075	3.930561
1960	7	layout-silverstone-1	layout-silverstone-1	52.078611	-1.016944
1960	8	layout-porto-1	layout-porto-1	41.170472	-8.67325
1960	9	layout-monza-2	layout-monza-2	45.620556	9.289444
1960	10	layout-riverside-1	layout-riverside-1	33.937	-117.272556
1961	1	layout-monaco-2	layout-monaco-2	43.734722	7.420556
1961	2	layout-zandvoort-1	layout-zandvoort-1	52.388819	4.540922
1961	3	layout-spa-francorchamps-1	layout-spa-francorchamps-1	50.437222	5.971389
1961	4	layout-reims-2	layout-reims-2	49.254075	3.930561
1961	5	layout-aintree-1	layout-aintree-1	53.476944	-2.940556
1961	6	layout-nurburgring-1	layout-nurburgring-1	50.335556	6.9475
1961	7	layout-monza-2	layout-monza-2	45.620556	9.289444
1961	8	layout-watkins-glen-1	layout-watkins-glen-1	42.336944	-76.927222
1962	1	layout-zandvoort-1	layout-zandvoort-1	52.388819	4.540922
1962	2	layout-monaco-2	layout-monaco-2	43.734722	7.420556
1962	3	layout-spa-francorchamps-1	layout-spa-francorchamps-1	50.437222	5.971389
1962	4	layout-rouen-2	layout-rouen-2	49.330639	1.004583
1962	5	layout-aintree-1	layout-aintree-1	53.476944	-2.940556
1962	6	layout-nurburgring-1	layout-nurburgring-1	50.335556	6.9475
1962	7	layout-monza-3	layout-monza-3	45.620556	9.289444
1962	8	layout-watkins-glen-1	layout-watkins-glen-1	42.336944	-76.927222
1962	9	layout-east-london-1	layout-east-london-1	-33.048611	27.873611
1963	1	layout-monaco-2	layout-monaco-2	43.734722	7.420556
1963	2	layout-spa-francorchamps-1	layout-spa-francorchamps-1	50.437222	5.971389
1963	3	layout-zandvoort-1	layout-zandvoort-1	52.388819	4.540922
1963	4	layout-reims-2	layout-reims-2	49.254075	3.930561
1963	5	layout-silverstone-1	layout-silverstone-1	52.078611	-1.016944
1963	6	layout-nurburgring-1	layout-nurburgring-1	50.335556	6.9475
1963	7	layout-monza-3	layout-monza-3	45.620556	9.289444
1963	8	layout-watkins-glen-1	layout-watkins-glen-1	42.336944	-76.927222
1963	9	layout-mexico-city-1	layout-mexico-city-1	19.404197	-99.088747
1963	10	layout-east-london-1	layout-east-london-1	-33.048611	27.873611
1964	1	layout-monaco-2	layout-monaco-2	43.734722	7.420556
1964	2	layout-zandvoort-1	layout-zandvoort-1	52.388819	4.540922
1964	3	layout-spa-francorchamps-1	layout-spa-francorchamps-1	50.437222	5.971389
1964	4	layout-rouen-2	layout-rouen-2	49.330639	1.004583
1964	5	layout-brands-hatch-1	layout-brands-hatch-1	51.356667	0.2625
1964	6	layout-nurburgring-1	layout-nurburgring-1	50.335556	6.9475
1964	7	layout-zeltweg-1	layout-zeltweg-1	47.202222	14.742222
1964	8	layout-monza-3	layout-monza-3	45.620556	9.289444
1964	9	layout-watkins-glen-1	layout-watkins-glen-1	42.336944	-76.927222
1964	10	layout-mexico-city-1	layout-mexico-city-1	19.404197	-99.088747
1965	1	layout-east-london-1	layout-east-london-1	-33.048611	27.873611
1965	2	layout-monaco-2	layout-monaco-2	43.734722	7.420556
1965	3	layout-spa-francorchamps-1	layout-spa-francorchamps-1	50.437222	5.971389
1965	4	layout-clermont-ferrand-1	layout-clermont-ferrand-1	45.747222	3.038889
1965	5	layout-silverstone-1	layout-silverstone-1	52.078611	-1.016944
1965	6	layout-zandvoort-1	layout-zandvoort-1	52.388819	4.540922
1965	7	layout-nurburgring-1	layout-nurburgring-1	50.335556	6.9475
1965	8	layout-monza-3	layout-monza-3	45.620556	9.289444
1965	9	layout-watkins-glen-1	layout-watkins-glen-1	42.336944	-76.927222
1965	10	layout-mexico-city-1	layout-mexico-city-1	19.404197	-99.088747
1966	1	layout-monaco-2	layout-monaco-2	43.734722	7.420556
1966	2	layout-spa-francorchamps-1	layout-spa-francorchamps-1	50.437222	5.971389
1966	3	layout-reims-2	layout-reims-2	49.254075	3.930561
1966	4	layout-brands-hatch-1	layout-brands-hatch-1	51.356667	0.2625
1966	5	layout-zandvoort-1	layout-zandvoort-1	52.388819	4.540922
1966	6	layout-nurburgring-1	layout-nurburgring-1	50.335556	6.9475
1966	7	layout-monza-3	layout-monza-3	45.620556	9.289444
1966	8	layout-watkins-glen-1	layout-watkins-glen-1	42.336944	-76.927222
1966	9	layout-mexico-city-1	layout-mexico-city-1	19.404197	-99.088747
1967	1	layout-kyalami-1	layout-kyalami-1	-25.998611	28.068889
1967	2	layout-monaco-2	layout-monaco-2	43.734722	7.420556
1967	3	layout-zandvoort-1	layout-zandvoort-1	52.388819	4.540922
1967	4	layout-spa-francorchamps-1	layout-spa-francorchamps-1	50.437222	5.971389
1967	5	layout-bugatti-1	layout-bugatti-1	47.937694	0.225611
1967	6	layout-silverstone-1	layout-silverstone-1	52.078611	-1.016944
1967	7	layout-nurburgring-1	layout-nurburgring-1	50.335556	6.9475
1967	8	layout-mosport-1	layout-mosport-1	44.05	-78.677778
1967	9	layout-monza-3	layout-monza-3	45.620556	9.289444
1967	10	layout-watkins-glen-1	layout-watkins-glen-1	42.336944	-76.927222
1967	11	layout-mexico-city-1	layout-mexico-city-1	19.404197	-99.088747
1968	1	layout-kyalami-1	layout-kyalami-1	-25.998611	28.068889
1968	2	layout-jarama-1	layout-jarama-1	40.617111	-3.585583
1968	3	layout-monaco-2	layout-monaco-2	43.734722	7.420556
1968	4	layout-spa-francorchamps-1	layout-spa-francorchamps-1	50.437222	5.971389
1968	5	layout-zandvoort-1	layout-zandvoort-1	52.388819	4.540922
1968	6	layout-rouen-2	layout-rouen-2	49.330639	1.004583
1968	7	layout-brands-hatch-1	layout-brands-hatch-1	51.356667	0.2625
1968	8	layout-nurburgring-1	layout-nurburgring-1	50.335556	6.9475
1968	9	layout-monza-3	layout-monza-3	45.620556	9.289444
1968	10	layout-mont-tremblant-1	layout-mont-tremblant-1	46.187707	-74.609936
1968	11	layout-watkins-glen-1	layout-watkins-glen-1	42.336944	-76.927222
1968	12	layout-mexico-city-1	layout-mexico-city-1	19.404197	-99.088747
1969	1	layout-kyalami-1	layout-kyalami-1	-25.998611	28.068889
1969	2	layout-montjuic-1	layout-montjuic-1	41.366389	2.151667
1969	3	layout-monaco-2	layout-monaco-2	43.734722	7.420556
1969	4	layout-zandvoort-1	layout-zandvoort-1	52.388819	4.540922
1969	5	layout-clermont-ferrand-1	layout-clermont-ferrand-1	45.747222	3.038889
1969	6	layout-silverstone-1	layout-silverstone-1	52.078611	-1.016944
1969	7	layout-nurburgring-1	layout-nurburgring-1	50.335556	6.9475
1969	8	layout-monza-3	layout-monza-3	45.620556	9.289444
1969	9	layout-mosport-1	layout-mosport-1	44.05	-78.677778
1969	10	layout-watkins-glen-1	layout-watkins-glen-1	42.336944	-76.927222
1969	11	layout-mexico-city-1	layout-mexico-city-1	19.404197	-99.088747
1970	1	layout-kyalami-1	layout-kyalami-1	-25.998611	28.068889
1970	2	layout-jarama-1	layout-jarama-1	40.617111	-3.585583
1970	3	layout-monaco-2	layout-monaco-2	43.734722	7.420556
1970	4	layout-spa-francorchamps-1	layout-spa-francorchamps-1	50.437222	5.971389
1970	5	layout-zandvoort-1	layout-zandvoort-1	52.388819	4.540922
1970	6	layout-clermont-ferrand-1	layout-clermont-ferrand-1	45.747222	3.038889
1970	7	layout-brands-hatch-1	layout-brands-hatch-1	51.356667	0.2625
1970	8	layout-hockenheimring-1	layout-hockenheimring-1	49.327778	8.565833
1970	9	layout-spielberg-1	layout-spielberg-1	47.219722	14.764722
1970	10	layout-monza-3	layout-monza-3	45.620556	9.289444
1970	11	layout-mont-tremblant-1	layout-mont-tremblant-1	46.187707	-74.609936
1970	12	layout-watkins-glen-1	layout-watkins-glen-1	42.336944	-76.927222
1970	13	layout-mexico-city-1	layout-mexico-city-1	19.404197	-99.088747
1971	1	layout-kyalami-1	layout-kyalami-1	-25.998611	28.068889
1971	2	layout-montjuic-1	layout-montjuic-1	41.366389	2.151667
1971	3	layout-monaco-2	layout-monaco-2	43.734722	7.420556
1971	4	layout-zandvoort-1	layout-zandvoort-1	52.388819	4.540922
1971	5	layout-paul-ricard-1	layout-paul-ricard-1	43.250556	5.791667
1971	6	layout-silverstone-1	layout-silverstone-1	52.078611	-1.016944
1971	7	layout-nurburgring-1	layout-nurburgring-1	50.335556	6.9475
1971	8	layout-spielberg-1	layout-spielberg-1	47.219722	14.764722
1971	9	layout-monza-3	layout-monza-3	45.620556	9.289444
1971	10	layout-mosport-1	layout-mosport-1	44.05	-78.677778
1971	11	layout-watkins-glen-2	layout-watkins-glen-2	42.336944	-76.927222
1972	1	layout-buenos-aires-2	layout-buenos-aires-2	-34.694272	-58.459347
1972	2	layout-kyalami-1	layout-kyalami-1	-25.998611	28.068889
1972	3	layout-jarama-1	layout-jarama-1	40.617111	-3.585583
1972	4	layout-monaco-2	layout-monaco-2	43.734722	7.420556
1972	5	layout-nivelles-1	layout-nivelles-1	50.621111	4.326944
1972	6	layout-clermont-ferrand-1	layout-clermont-ferrand-1	45.747222	3.038889
1972	7	layout-brands-hatch-1	layout-brands-hatch-1	51.356667	0.2625
1972	8	layout-nurburgring-1	layout-nurburgring-1	50.335556	6.9475
1972	9	layout-spielberg-1	layout-spielberg-1	47.219722	14.764722
1972	10	layout-monza-4	layout-monza-4	45.620556	9.289444
1972	11	layout-mosport-1	layout-mosport-1	44.05	-78.677778
1972	12	layout-watkins-glen-2	layout-watkins-glen-2	42.336944	-76.927222
1973	1	layout-buenos-aires-2	layout-buenos-aires-2	-34.694272	-58.459347
1973	2	layout-interlagos-1	layout-interlagos-1	-23.701111	-46.697222
1973	3	layout-kyalami-1	layout-kyalami-1	-25.998611	28.068889
1973	4	layout-montjuic-1	layout-montjuic-1	41.366389	2.151667
1973	5	layout-zolder-1	layout-zolder-1	50.988889	5.255556
1973	6	layout-monaco-3	layout-monaco-3	43.734722	7.420556
1973	7	layout-anderstorp-1	layout-anderstorp-1	57.264167	13.601389
1973	8	layout-paul-ricard-1	layout-paul-ricard-1	43.250556	5.791667
1973	9	layout-silverstone-1	layout-silverstone-1	52.078611	-1.016944
1973	10	layout-zandvoort-2	layout-zandvoort-2	52.388819	4.540922
1973	11	layout-nurburgring-1	layout-nurburgring-1	50.335556	6.9475
1973	12	layout-spielberg-1	layout-spielberg-1	47.219722	14.764722
1973	13	layout-monza-4	layout-monza-4	45.620556	9.289444
1973	14	layout-mosport-1	layout-mosport-1	44.05	-78.677778
1973	15	layout-watkins-glen-2	layout-watkins-glen-2	42.336944	-76.927222
1974	1	layout-buenos-aires-3	layout-buenos-aires-3	-34.694272	-58.459347
1974	2	layout-interlagos-1	layout-interlagos-1	-23.701111	-46.697222
1974	3	layout-kyalami-1	layout-kyalami-1	-25.998611	28.068889
1974	4	layout-jarama-1	layout-jarama-1	40.617111	-3.585583
1974	5	layout-nivelles-1	layout-nivelles-1	50.621111	4.326944
1974	6	layout-monaco-3	layout-monaco-3	43.734722	7.420556
1974	7	layout-anderstorp-1	layout-anderstorp-1	57.264167	13.601389
1974	8	layout-zandvoort-2	layout-zandvoort-2	52.388819	4.540922
1974	9	layout-dijon-1	layout-dijon-1	47.3625	4.899167
1974	10	layout-brands-hatch-1	layout-brands-hatch-1	51.356667	0.2625
1974	11	layout-nurburgring-1	layout-nurburgring-1	50.335556	6.9475
1974	12	layout-spielberg-1	layout-spielberg-1	47.219722	14.764722
1974	13	layout-monza-5	layout-monza-5	45.620556	9.289444
1974	14	layout-mosport-1	layout-mosport-1	44.05	-78.677778
1974	15	layout-watkins-glen-2	layout-watkins-glen-2	42.336944	-76.927222
1975	1	layout-buenos-aires-3	layout-buenos-aires-3	-34.694272	-58.459347
1975	2	layout-interlagos-1	layout-interlagos-1	-23.701111	-46.697222
1975	3	layout-kyalami-1	layout-kyalami-1	-25.998611	28.068889
1975	4	layout-montjuic-1	layout-montjuic-1	41.366389	2.151667
1975	5	layout-monaco-3	layout-monaco-3	43.734722	7.420556
1975	6	layout-zolder-2	layout-zolder-2	50.988889	5.255556
1975	7	layout-anderstorp-1	layout-anderstorp-1	57.264167	13.601389
1975	8	layout-zandvoort-2	layout-zandvoort-2	52.388819	4.540922
1975	9	layout-paul-ricard-1	layout-paul-ricard-1	43.250556	5.791667
1975	10	layout-silverstone-2	layout-silverstone-2	52.078611	-1.016944
1975	11	layout-nurburgring-1	layout-nurburgring-1	50.335556	6.9475
1975	12	layout-spielberg-1	layout-spielberg-1	47.219722	14.764722
1975	13	layout-monza-5	layout-monza-5	45.620556	9.289444
1975	14	layout-watkins-glen-3	layout-watkins-glen-3	42.336944	-76.927222
1976	1	layout-interlagos-1	layout-interlagos-1	-23.701111	-46.697222
1976	2	layout-kyalami-1	layout-kyalami-1	-25.998611	28.068889
1976	3	layout-long-beach-1	layout-long-beach-1	33.766389	-118.192778
1976	4	layout-jarama-1	layout-jarama-1	40.617111	-3.585583
1976	5	layout-zolder-2	layout-zolder-2	50.988889	5.255556
1976	6	layout-monaco-4	layout-monaco-4	43.734722	7.420556
1976	7	layout-anderstorp-1	layout-anderstorp-1	57.264167	13.601389
1976	8	layout-paul-ricard-1	layout-paul-ricard-1	43.250556	5.791667
1976	9	layout-brands-hatch-2	layout-brands-hatch-2	51.356667	0.2625
1976	10	layout-nurburgring-1	layout-nurburgring-1	50.335556	6.9475
1976	11	layout-spielberg-1	layout-spielberg-1	47.219722	14.764722
1976	12	layout-zandvoort-2	layout-zandvoort-2	52.388819	4.540922
1976	13	layout-monza-6	layout-monza-6	45.620556	9.289444
1976	14	layout-mosport-1	layout-mosport-1	44.05	-78.677778
1976	15	layout-watkins-glen-3	layout-watkins-glen-3	42.336944	-76.927222
1976	16	layout-fuji-1	layout-fuji-1	35.371667	138.926667
1977	1	layout-buenos-aires-3	layout-buenos-aires-3	-34.694272	-58.459347
1977	2	layout-interlagos-1	layout-interlagos-1	-23.701111	-46.697222
1977	3	layout-kyalami-1	layout-kyalami-1	-25.998611	28.068889
1977	4	layout-long-beach-1	layout-long-beach-1	33.766389	-118.192778
1977	5	layout-jarama-1	layout-jarama-1	40.617111	-3.585583
1977	6	layout-monaco-4	layout-monaco-4	43.734722	7.420556
1977	7	layout-zolder-2	layout-zolder-2	50.988889	5.255556
1977	8	layout-anderstorp-1	layout-anderstorp-1	57.264167	13.601389
1977	9	layout-dijon-2	layout-dijon-2	47.3625	4.899167
1977	10	layout-silverstone-2	layout-silverstone-2	52.078611	-1.016944
1977	11	layout-hockenheimring-1	layout-hockenheimring-1	49.327778	8.565833
1977	12	layout-spielberg-2	layout-spielberg-2	47.219722	14.764722
1977	13	layout-zandvoort-2	layout-zandvoort-2	52.388819	4.540922
1977	14	layout-monza-6	layout-monza-6	45.620556	9.289444
1977	15	layout-watkins-glen-3	layout-watkins-glen-3	42.336944	-76.927222
1977	16	layout-mosport-1	layout-mosport-1	44.05	-78.677778
1977	17	layout-fuji-1	layout-fuji-1	35.371667	138.926667
1978	1	layout-buenos-aires-3	layout-buenos-aires-3	-34.694272	-58.459347
1978	2	layout-jacarepagua-1	layout-jacarepagua-1	-22.975556	-43.395
1978	3	layout-kyalami-1	layout-kyalami-1	-25.998611	28.068889
1978	4	layout-long-beach-1	layout-long-beach-1	33.766389	-118.192778
1978	5	layout-monaco-4	layout-monaco-4	43.734722	7.420556
1978	6	layout-zolder-2	layout-zolder-2	50.988889	5.255556
1978	7	layout-jarama-1	layout-jarama-1	40.617111	-3.585583
1978	8	layout-anderstorp-1	layout-anderstorp-1	57.264167	13.601389
1978	9	layout-paul-ricard-1	layout-paul-ricard-1	43.250556	5.791667
1978	10	layout-brands-hatch-2	layout-brands-hatch-2	51.356667	0.2625
1978	11	layout-hockenheimring-1	layout-hockenheimring-1	49.327778	8.565833
1978	12	layout-spielberg-2	layout-spielberg-2	47.219722	14.764722
1978	13	layout-zandvoort-2	layout-zandvoort-2	52.388819	4.540922
1978	14	layout-monza-6	layout-monza-6	45.620556	9.289444
1978	15	layout-watkins-glen-3	layout-watkins-glen-3	42.336944	-76.927222
1978	16	layout-montreal-1	layout-montreal-1	45.500578	-73.522461
1979	1	layout-buenos-aires-3	layout-buenos-aires-3	-34.694272	-58.459347
1979	2	layout-interlagos-1	layout-interlagos-1	-23.701111	-46.697222
1979	3	layout-kyalami-1	layout-kyalami-1	-25.998611	28.068889
1979	4	layout-long-beach-1	layout-long-beach-1	33.766389	-118.192778
1979	5	layout-jarama-1	layout-jarama-1	40.617111	-3.585583
1979	6	layout-zolder-2	layout-zolder-2	50.988889	5.255556
1979	7	layout-monaco-4	layout-monaco-4	43.734722	7.420556
1979	8	layout-dijon-2	layout-dijon-2	47.3625	4.899167
1979	9	layout-silverstone-2	layout-silverstone-2	52.078611	-1.016944
1979	10	layout-hockenheimring-1	layout-hockenheimring-1	49.327778	8.565833
1979	11	layout-spielberg-2	layout-spielberg-2	47.219722	14.764722
1979	12	layout-zandvoort-3	layout-zandvoort-3	52.388819	4.540922
1979	13	layout-monza-6	layout-monza-6	45.620556	9.289444
1979	14	layout-montreal-2	layout-montreal-2	45.500578	-73.522461
1979	15	layout-watkins-glen-3	layout-watkins-glen-3	42.336944	-76.927222
1980	1	layout-buenos-aires-3	layout-buenos-aires-3	-34.694272	-58.459347
1980	2	layout-interlagos-1	layout-interlagos-1	-23.701111	-46.697222
1980	3	layout-kyalami-1	layout-kyalami-1	-25.998611	28.068889
1980	4	layout-long-beach-1	layout-long-beach-1	33.766389	-118.192778
1980	5	layout-zolder-2	layout-zolder-2	50.988889	5.255556
1980	6	layout-monaco-4	layout-monaco-4	43.734722	7.420556
1980	7	layout-paul-ricard-1	layout-paul-ricard-1	43.250556	5.791667
1980	8	layout-brands-hatch-2	layout-brands-hatch-2	51.356667	0.2625
1980	9	layout-hockenheimring-1	layout-hockenheimring-1	49.327778	8.565833
1980	10	layout-spielberg-2	layout-spielberg-2	47.219722	14.764722
1980	11	layout-zandvoort-4	layout-zandvoort-4	52.388819	4.540922
1980	12	layout-imola-1	layout-imola-1	44.341111	11.713333
1980	13	layout-montreal-2	layout-montreal-2	45.500578	-73.522461
1980	14	layout-watkins-glen-3	layout-watkins-glen-3	42.336944	-76.927222
1981	1	layout-long-beach-1	layout-long-beach-1	33.766389	-118.192778
1981	2	layout-jacarepagua-1	layout-jacarepagua-1	-22.975556	-43.395
1981	3	layout-buenos-aires-3	layout-buenos-aires-3	-34.694272	-58.459347
1981	4	layout-imola-1	layout-imola-1	44.341111	11.713333
1981	5	layout-zolder-2	layout-zolder-2	50.988889	5.255556
1981	6	layout-monaco-4	layout-monaco-4	43.734722	7.420556
1981	7	layout-jarama-2	layout-jarama-2	40.617111	-3.585583
1981	8	layout-dijon-2	layout-dijon-2	47.3625	4.899167
1981	9	layout-silverstone-2	layout-silverstone-2	52.078611	-1.016944
1981	10	layout-hockenheimring-1	layout-hockenheimring-1	49.327778	8.565833
1981	11	layout-spielberg-2	layout-spielberg-2	47.219722	14.764722
1981	12	layout-zandvoort-4	layout-zandvoort-4	52.388819	4.540922
1981	13	layout-monza-6	layout-monza-6	45.620556	9.289444
1981	14	layout-montreal-2	layout-montreal-2	45.500578	-73.522461
1981	15	layout-caesars-palace-1	layout-caesars-palace-1	36.116944	-115.175
1982	1	layout-kyalami-1	layout-kyalami-1	-25.998611	28.068889
1982	2	layout-jacarepagua-1	layout-jacarepagua-1	-22.975556	-43.395
1982	3	layout-long-beach-2	layout-long-beach-2	33.766389	-118.192778
1982	4	layout-imola-1	layout-imola-1	44.341111	11.713333
1982	5	layout-zolder-2	layout-zolder-2	50.988889	5.255556
1982	6	layout-monaco-4	layout-monaco-4	43.734722	7.420556
1982	7	layout-detroit-1	layout-detroit-1	42.32975	-83.040111
1982	8	layout-montreal-2	layout-montreal-2	45.500578	-73.522461
1982	9	layout-zandvoort-4	layout-zandvoort-4	52.388819	4.540922
1982	10	layout-brands-hatch-2	layout-brands-hatch-2	51.356667	0.2625
1982	11	layout-paul-ricard-1	layout-paul-ricard-1	43.250556	5.791667
1982	12	layout-hockenheimring-2	layout-hockenheimring-2	49.327778	8.565833
1982	13	layout-spielberg-2	layout-spielberg-2	47.219722	14.764722
1982	14	layout-dijon-2	layout-dijon-2	47.3625	4.899167
1982	15	layout-monza-6	layout-monza-6	45.620556	9.289444
1982	16	layout-caesars-palace-1	layout-caesars-palace-1	36.116944	-115.175
1983	1	layout-jacarepagua-1	layout-jacarepagua-1	-22.975556	-43.395
1983	2	layout-long-beach-3	layout-long-beach-3	33.766389	-118.192778
1983	3	layout-paul-ricard-1	layout-paul-ricard-1	43.250556	5.791667
1983	4	layout-imola-1	layout-imola-1	44.341111	11.713333
1983	5	layout-monaco-4	layout-monaco-4	43.734722	7.420556
1983	6	layout-spa-francorchamps-2	layout-spa-francorchamps-2	50.437222	5.971389
1983	7	layout-detroit-2	layout-detroit-2	42.32975	-83.040111
1983	8	layout-montreal-2	layout-montreal-2	45.500578	-73.522461
1983	9	layout-silverstone-2	layout-silverstone-2	52.078611	-1.016944
1983	10	layout-hockenheimring-2	layout-hockenheimring-2	49.327778	8.565833
1983	11	layout-spielberg-2	layout-spielberg-2	47.219722	14.764722
1983	12	layout-zandvoort-4	layout-zandvoort-4	52.388819	4.540922
1983	13	layout-monza-6	layout-monza-6	45.620556	9.289444
1983	14	layout-brands-hatch-2	layout-brands-hatch-2	51.356667	0.2625
1983	15	layout-kyalami-1	layout-kyalami-1	-25.998611	28.068889
1984	1	layout-jacarepagua-1	layout-jacarepagua-1	-22.975556	-43.395
1984	2	layout-kyalami-1	layout-kyalami-1	-25.998611	28.068889
1984	3	layout-zolder-2	layout-zolder-2	50.988889	5.255556
1984	4	layout-imola-1	layout-imola-1	44.341111	11.713333
1984	5	layout-dijon-2	layout-dijon-2	47.3625	4.899167
1984	6	layout-monaco-4	layout-monaco-4	43.734722	7.420556
1984	7	layout-montreal-2	layout-montreal-2	45.500578	-73.522461
1984	8	layout-detroit-2	layout-detroit-2	42.32975	-83.040111
1984	9	layout-dallas-1	layout-dallas-1	32.781944	-96.765556
1984	10	layout-brands-hatch-2	layout-brands-hatch-2	51.356667	0.2625
1984	11	layout-hockenheimring-2	layout-hockenheimring-2	49.327778	8.565833
1984	12	layout-spielberg-2	layout-spielberg-2	47.219722	14.764722
1984	13	layout-zandvoort-4	layout-zandvoort-4	52.388819	4.540922
1984	14	layout-monza-6	layout-monza-6	45.620556	9.289444
1984	15	layout-nurburgring-2	layout-nurburgring-2	50.335556	6.9475
1984	16	layout-estoril-1	layout-estoril-1	38.750833	-9.394167
1985	1	layout-jacarepagua-1	layout-jacarepagua-1	-22.975556	-43.395
1985	2	layout-estoril-1	layout-estoril-1	38.750833	-9.394167
1985	3	layout-imola-1	layout-imola-1	44.341111	11.713333
1985	4	layout-monaco-4	layout-monaco-4	43.734722	7.420556
1985	5	layout-montreal-2	layout-montreal-2	45.500578	-73.522461
1985	6	layout-detroit-2	layout-detroit-2	42.32975	-83.040111
1985	7	layout-paul-ricard-1	layout-paul-ricard-1	43.250556	5.791667
1985	8	layout-silverstone-2	layout-silverstone-2	52.078611	-1.016944
1985	9	layout-nurburgring-2	layout-nurburgring-2	50.335556	6.9475
1985	10	layout-spielberg-2	layout-spielberg-2	47.219722	14.764722
1985	11	layout-zandvoort-4	layout-zandvoort-4	52.388819	4.540922
1985	12	layout-monza-6	layout-monza-6	45.620556	9.289444
1985	13	layout-spa-francorchamps-2	layout-spa-francorchamps-2	50.437222	5.971389
1985	14	layout-brands-hatch-2	layout-brands-hatch-2	51.356667	0.2625
1985	15	layout-kyalami-1	layout-kyalami-1	-25.998611	28.068889
1985	16	layout-adelaide-1	layout-adelaide-1	-34.927222	138.617222
1986	1	layout-jacarepagua-1	layout-jacarepagua-1	-22.975556	-43.395
1986	2	layout-jerez-1	layout-jerez-1	36.708333	-6.034167
1986	3	layout-imola-1	layout-imola-1	44.341111	11.713333
1986	4	layout-monaco-5	layout-monaco-5	43.734722	7.420556
1986	5	layout-spa-francorchamps-2	layout-spa-francorchamps-2	50.437222	5.971389
1986	6	layout-montreal-2	layout-montreal-2	45.500578	-73.522461
1986	7	layout-detroit-2	layout-detroit-2	42.32975	-83.040111
1986	8	layout-paul-ricard-2	layout-paul-ricard-2	43.250556	5.791667
1986	9	layout-brands-hatch-2	layout-brands-hatch-2	51.356667	0.2625
1986	10	layout-hockenheimring-2	layout-hockenheimring-2	49.327778	8.565833
1986	11	layout-hungaroring-1	layout-hungaroring-1	47.582222	19.251111
1986	12	layout-spielberg-2	layout-spielberg-2	47.219722	14.764722
1986	13	layout-monza-6	layout-monza-6	45.620556	9.289444
1986	14	layout-estoril-1	layout-estoril-1	38.750833	-9.394167
1986	15	layout-mexico-city-2	layout-mexico-city-2	19.404197	-99.088747
1986	16	layout-adelaide-1	layout-adelaide-1	-34.927222	138.617222
1987	1	layout-jacarepagua-1	layout-jacarepagua-1	-22.975556	-43.395
1987	2	layout-imola-1	layout-imola-1	44.341111	11.713333
1987	3	layout-spa-francorchamps-2	layout-spa-francorchamps-2	50.437222	5.971389
1987	4	layout-monaco-5	layout-monaco-5	43.734722	7.420556
1987	5	layout-detroit-2	layout-detroit-2	42.32975	-83.040111
1987	6	layout-paul-ricard-2	layout-paul-ricard-2	43.250556	5.791667
1987	7	layout-silverstone-3	layout-silverstone-3	52.078611	-1.016944
1987	8	layout-hockenheimring-2	layout-hockenheimring-2	49.327778	8.565833
1987	9	layout-hungaroring-1	layout-hungaroring-1	47.582222	19.251111
1987	10	layout-spielberg-2	layout-spielberg-2	47.219722	14.764722
1987	11	layout-monza-6	layout-monza-6	45.620556	9.289444
1987	12	layout-estoril-1	layout-estoril-1	38.750833	-9.394167
1987	13	layout-jerez-1	layout-jerez-1	36.708333	-6.034167
1987	14	layout-mexico-city-2	layout-mexico-city-2	19.404197	-99.088747
1987	15	layout-suzuka-1	layout-suzuka-1	34.843056	136.540556
1987	16	layout-adelaide-1	layout-adelaide-1	-34.927222	138.617222
1988	1	layout-jacarepagua-1	layout-jacarepagua-1	-22.975556	-43.395
1988	2	layout-imola-1	layout-imola-1	44.341111	11.713333
1988	3	layout-monaco-5	layout-monaco-5	43.734722	7.420556
1988	4	layout-mexico-city-2	layout-mexico-city-2	19.404197	-99.088747
1988	5	layout-montreal-3	layout-montreal-3	45.500578	-73.522461
1988	6	layout-detroit-2	layout-detroit-2	42.32975	-83.040111
1988	7	layout-paul-ricard-2	layout-paul-ricard-2	43.250556	5.791667
1988	8	layout-silverstone-3	layout-silverstone-3	52.078611	-1.016944
1988	9	layout-hockenheimring-2	layout-hockenheimring-2	49.327778	8.565833
1988	10	layout-hungaroring-1	layout-hungaroring-1	47.582222	19.251111
1988	11	layout-spa-francorchamps-2	layout-spa-francorchamps-2	50.437222	5.971389
1988	12	layout-monza-6	layout-monza-6	45.620556	9.289444
1988	13	layout-estoril-1	layout-estoril-1	38.750833	-9.394167
1988	14	layout-jerez-1	layout-jerez-1	36.708333	-6.034167
1988	15	layout-suzuka-1	layout-suzuka-1	34.843056	136.540556
1988	16	layout-adelaide-1	layout-adelaide-1	-34.927222	138.617222
1989	1	layout-jacarepagua-1	layout-jacarepagua-1	-22.975556	-43.395
1989	2	layout-imola-1	layout-imola-1	44.341111	11.713333
1989	3	layout-monaco-5	layout-monaco-5	43.734722	7.420556
1989	4	layout-mexico-city-2	layout-mexico-city-2	19.404197	-99.088747
1989	5	layout-phoenix-1	layout-phoenix-1	33.447917	-112.074583
1989	6	layout-montreal-3	layout-montreal-3	45.500578	-73.522461
1989	7	layout-paul-ricard-2	layout-paul-ricard-2	43.250556	5.791667
1989	8	layout-silverstone-3	layout-silverstone-3	52.078611	-1.016944
1989	9	layout-hockenheimring-2	layout-hockenheimring-2	49.327778	8.565833
1989	10	layout-hungaroring-2	layout-hungaroring-2	47.582222	19.251111
1989	11	layout-spa-francorchamps-2	layout-spa-francorchamps-2	50.437222	5.971389
1989	12	layout-monza-6	layout-monza-6	45.620556	9.289444
1989	13	layout-estoril-1	layout-estoril-1	38.750833	-9.394167
1989	14	layout-jerez-1	layout-jerez-1	36.708333	-6.034167
1989	15	layout-suzuka-1	layout-suzuka-1	34.843056	136.540556
1989	16	layout-adelaide-1	layout-adelaide-1	-34.927222	138.617222
1990	1	layout-phoenix-1	layout-phoenix-1	33.447917	-112.074583
1990	2	layout-interlagos-2	layout-interlagos-2	-23.701111	-46.697222
1990	3	layout-imola-1	layout-imola-1	44.341111	11.713333
1990	4	layout-monaco-5	layout-monaco-5	43.734722	7.420556
1990	5	layout-montreal-3	layout-montreal-3	45.500578	-73.522461
1990	6	layout-mexico-city-2	layout-mexico-city-2	19.404197	-99.088747
1990	7	layout-paul-ricard-2	layout-paul-ricard-2	43.250556	5.791667
1990	8	layout-silverstone-3	layout-silverstone-3	52.078611	-1.016944
1990	9	layout-hockenheimring-2	layout-hockenheimring-2	49.327778	8.565833
1990	10	layout-hungaroring-2	layout-hungaroring-2	47.582222	19.251111
1990	11	layout-spa-francorchamps-2	layout-spa-francorchamps-2	50.437222	5.971389
1990	12	layout-monza-6	layout-monza-6	45.620556	9.289444
1990	13	layout-estoril-1	layout-estoril-1	38.750833	-9.394167
1990	14	layout-jerez-1	layout-jerez-1	36.708333	-6.034167
1990	15	layout-suzuka-1	layout-suzuka-1	34.843056	136.540556
1990	16	layout-adelaide-1	layout-adelaide-1	-34.927222	138.617222
1991	1	layout-phoenix-2	layout-phoenix-2	33.447917	-112.074583
1991	2	layout-interlagos-2	layout-interlagos-2	-23.701111	-46.697222
1991	3	layout-imola-1	layout-imola-1	44.341111	11.713333
1991	4	layout-monaco-5	layout-monaco-5	43.734722	7.420556
1991	5	layout-montreal-3	layout-montreal-3	45.500578	-73.522461
1991	6	layout-mexico-city-2	layout-mexico-city-2	19.404197	-99.088747
1991	7	layout-magny-cours-1	layout-magny-cours-1	46.863242	3.164228
1991	8	layout-silverstone-4	layout-silverstone-4	52.078611	-1.016944
1991	9	layout-hockenheimring-2	layout-hockenheimring-2	49.327778	8.565833
1991	10	layout-hungaroring-2	layout-hungaroring-2	47.582222	19.251111
1991	11	layout-spa-francorchamps-2	layout-spa-francorchamps-2	50.437222	5.971389
1991	12	layout-monza-6	layout-monza-6	45.620556	9.289444
1991	13	layout-estoril-1	layout-estoril-1	38.750833	-9.394167
1991	14	layout-catalunya-1	layout-catalunya-1	41.57	2.261111
1991	15	layout-suzuka-1	layout-suzuka-1	34.843056	136.540556
1991	16	layout-adelaide-1	layout-adelaide-1	-34.927222	138.617222
1992	1	layout-kyalami-2	layout-kyalami-2	-25.998611	28.068889
1992	2	layout-mexico-city-2	layout-mexico-city-2	19.404197	-99.088747
1992	3	layout-interlagos-2	layout-interlagos-2	-23.701111	-46.697222
1992	4	layout-catalunya-1	layout-catalunya-1	41.57	2.261111
1992	5	layout-imola-1	layout-imola-1	44.341111	11.713333
1992	6	layout-monaco-5	layout-monaco-5	43.734722	7.420556
1992	7	layout-montreal-3	layout-montreal-3	45.500578	-73.522461
1992	8	layout-magny-cours-2	layout-magny-cours-2	46.863242	3.164228
1992	9	layout-silverstone-4	layout-silverstone-4	52.078611	-1.016944
1992	10	layout-hockenheimring-3	layout-hockenheimring-3	49.327778	8.565833
1992	11	layout-hungaroring-2	layout-hungaroring-2	47.582222	19.251111
1992	12	layout-spa-francorchamps-2	layout-spa-francorchamps-2	50.437222	5.971389
1992	13	layout-monza-6	layout-monza-6	45.620556	9.289444
1992	14	layout-estoril-1	layout-estoril-1	38.750833	-9.394167
1992	15	layout-suzuka-1	layout-suzuka-1	34.843056	136.540556
1992	16	layout-adelaide-1	layout-adelaide-1	-34.927222	138.617222
1993	1	layout-kyalami-2	layout-kyalami-2	-25.998611	28.068889
1993	2	layout-interlagos-2	layout-interlagos-2	-23.701111	-46.697222
1993	3	layout-donington-1	layout-donington-1	52.829806	-1.379556
1993	4	layout-imola-1	layout-imola-1	44.341111	11.713333
1993	5	layout-catalunya-1	layout-catalunya-1	41.57	2.261111
1993	6	layout-monaco-5	layout-monaco-5	43.734722	7.420556
1993	7	layout-montreal-3	layout-montreal-3	45.500578	-73.522461
1993	8	layout-magny-cours-2	layout-magny-cours-2	46.863242	3.164228
1993	9	layout-silverstone-4	layout-silverstone-4	52.078611	-1.016944
1993	10	layout-hockenheimring-3	layout-hockenheimring-3	49.327778	8.565833
1993	11	layout-hungaroring-2	layout-hungaroring-2	47.582222	19.251111
1993	12	layout-spa-francorchamps-2	layout-spa-francorchamps-2	50.437222	5.971389
1993	13	layout-monza-6	layout-monza-6	45.620556	9.289444
1993	14	layout-estoril-1	layout-estoril-1	38.750833	-9.394167
1993	15	layout-suzuka-1	layout-suzuka-1	34.843056	136.540556
1993	16	layout-adelaide-1	layout-adelaide-1	-34.927222	138.617222
1994	1	layout-interlagos-2	layout-interlagos-2	-23.701111	-46.697222
1994	2	layout-aida-1	layout-aida-1	34.915	134.221111
1994	3	layout-imola-1	layout-imola-1	44.341111	11.713333
1994	4	layout-monaco-5	layout-monaco-5	43.734722	7.420556
1994	5	layout-catalunya-1	layout-catalunya-1	41.57	2.261111
1994	6	layout-montreal-4	layout-montreal-4	45.500578	-73.522461
1994	7	layout-magny-cours-2	layout-magny-cours-2	46.863242	3.164228
1994	8	layout-silverstone-5	layout-silverstone-5	52.078611	-1.016944
1994	9	layout-hockenheimring-3	layout-hockenheimring-3	49.327778	8.565833
1994	10	layout-hungaroring-2	layout-hungaroring-2	47.582222	19.251111
1994	11	layout-spa-francorchamps-2	layout-spa-francorchamps-2	50.437222	5.971389
1994	12	layout-monza-6	layout-monza-6	45.620556	9.289444
1994	13	layout-estoril-2	layout-estoril-2	38.750833	-9.394167
1994	14	layout-jerez-2	layout-jerez-2	36.708333	-6.034167
1994	15	layout-suzuka-1	layout-suzuka-1	34.843056	136.540556
1994	16	layout-adelaide-1	layout-adelaide-1	-34.927222	138.617222
1995	1	layout-interlagos-2	layout-interlagos-2	-23.701111	-46.697222
1995	2	layout-buenos-aires-4	layout-buenos-aires-4	-34.694272	-58.459347
1995	3	layout-imola-2	layout-imola-2	44.341111	11.713333
1995	4	layout-catalunya-2	layout-catalunya-2	41.57	2.261111
1995	5	layout-monaco-5	layout-monaco-5	43.734722	7.420556
1995	6	layout-montreal-4	layout-montreal-4	45.500578	-73.522461
1995	7	layout-magny-cours-2	layout-magny-cours-2	46.863242	3.164228
1995	8	layout-silverstone-5	layout-silverstone-5	52.078611	-1.016944
1995	9	layout-hockenheimring-3	layout-hockenheimring-3	49.327778	8.565833
1995	10	layout-hungaroring-2	layout-hungaroring-2	47.582222	19.251111
1995	11	layout-spa-francorchamps-2	layout-spa-francorchamps-2	50.437222	5.971389
1995	12	layout-monza-6	layout-monza-6	45.620556	9.289444
1995	13	layout-estoril-2	layout-estoril-2	38.750833	-9.394167
1995	14	layout-nurburgring-3	layout-nurburgring-3	50.335556	6.9475
1995	15	layout-aida-1	layout-aida-1	34.915	134.221111
1995	16	layout-suzuka-1	layout-suzuka-1	34.843056	136.540556
1995	17	layout-adelaide-1	layout-adelaide-1	-34.927222	138.617222
1996	1	layout-melbourne-1	layout-melbourne-1	-37.849722	144.968333
1996	2	layout-interlagos-2	layout-interlagos-2	-23.701111	-46.697222
1996	3	layout-buenos-aires-4	layout-buenos-aires-4	-34.694272	-58.459347
1996	4	layout-nurburgring-3	layout-nurburgring-3	50.335556	6.9475
1996	5	layout-imola-2	layout-imola-2	44.341111	11.713333
1996	6	layout-monaco-5	layout-monaco-5	43.734722	7.420556
1996	7	layout-catalunya-2	layout-catalunya-2	41.57	2.261111
1996	8	layout-montreal-5	layout-montreal-5	45.500578	-73.522461
1996	9	layout-magny-cours-2	layout-magny-cours-2	46.863242	3.164228
1996	10	layout-silverstone-6	layout-silverstone-6	52.078611	-1.016944
1996	11	layout-hockenheimring-3	layout-hockenheimring-3	49.327778	8.565833
1996	12	layout-hungaroring-2	layout-hungaroring-2	47.582222	19.251111
1996	13	layout-spa-francorchamps-2	layout-spa-francorchamps-2	50.437222	5.971389
1996	14	layout-monza-6	layout-monza-6	45.620556	9.289444
1996	15	layout-estoril-2	layout-estoril-2	38.750833	-9.394167
1996	16	layout-suzuka-1	layout-suzuka-1	34.843056	136.540556
1997	1	layout-melbourne-1	layout-melbourne-1	-37.849722	144.968333
1997	2	layout-interlagos-2	layout-interlagos-2	-23.701111	-46.697222
1997	3	layout-buenos-aires-4	layout-buenos-aires-4	-34.694272	-58.459347
1997	4	layout-imola-2	layout-imola-2	44.341111	11.713333
1997	5	layout-monaco-5	layout-monaco-5	43.734722	7.420556
1997	6	layout-catalunya-2	layout-catalunya-2	41.57	2.261111
1997	7	layout-montreal-5	layout-montreal-5	45.500578	-73.522461
1997	8	layout-magny-cours-2	layout-magny-cours-2	46.863242	3.164228
1997	9	layout-silverstone-7	layout-silverstone-7	52.078611	-1.016944
1997	10	layout-hockenheimring-3	layout-hockenheimring-3	49.327778	8.565833
1997	11	layout-hungaroring-2	layout-hungaroring-2	47.582222	19.251111
1997	12	layout-spa-francorchamps-2	layout-spa-francorchamps-2	50.437222	5.971389
1997	13	layout-monza-6	layout-monza-6	45.620556	9.289444
1997	14	layout-spielberg-3	layout-spielberg-3	47.219722	14.764722
1997	15	layout-nurburgring-3	layout-nurburgring-3	50.335556	6.9475
1997	16	layout-suzuka-1	layout-suzuka-1	34.843056	136.540556
1997	17	layout-jerez-2	layout-jerez-2	36.708333	-6.034167
1998	1	layout-melbourne-1	layout-melbourne-1	-37.849722	144.968333
1998	2	layout-interlagos-2	layout-interlagos-2	-23.701111	-46.697222
1998	3	layout-buenos-aires-4	layout-buenos-aires-4	-34.694272	-58.459347
1998	4	layout-imola-2	layout-imola-2	44.341111	11.713333
1998	5	layout-catalunya-2	layout-catalunya-2	41.57	2.261111
1998	6	layout-monaco-5	layout-monaco-5	43.734722	7.420556
1998	7	layout-montreal-5	layout-montreal-5	45.500578	-73.522461
1998	8	layout-magny-cours-2	layout-magny-cours-2	46.863242	3.164228
1998	9	layout-silverstone-7	layout-silverstone-7	52.078611	-1.016944
1998	10	layout-spielberg-3	layout-spielberg-3	47.219722	14.764722
1998	11	layout-hockenheimring-3	layout-hockenheimring-3	49.327778	8.565833
1998	12	layout-hungaroring-2	layout-hungaroring-2	47.582222	19.251111
1998	13	layout-spa-francorchamps-2	layout-spa-francorchamps-2	50.437222	5.971389
1998	14	layout-monza-6	layout-monza-6	45.620556	9.289444
1998	15	layout-nurburgring-3	layout-nurburgring-3	50.335556	6.9475
1998	16	layout-suzuka-1	layout-suzuka-1	34.843056	136.540556
1999	1	layout-melbourne-1	layout-melbourne-1	-37.849722	144.968333
1999	2	layout-interlagos-2	layout-interlagos-2	-23.701111	-46.697222
1999	3	layout-imola-2	layout-imola-2	44.341111	11.713333
1999	4	layout-monaco-5	layout-monaco-5	43.734722	7.420556
1999	5	layout-catalunya-2	layout-catalunya-2	41.57	2.261111
1999	6	layout-montreal-5	layout-montreal-5	45.500578	-73.522461
1999	7	layout-magny-cours-2	layout-magny-cours-2	46.863242	3.164228
1999	8	layout-silverstone-7	layout-silverstone-7	52.078611	-1.016944
1999	9	layout-spielberg-3	layout-spielberg-3	47.219722	14.764722
1999	10	layout-hockenheimring-3	layout-hockenheimring-3	49.327778	8.565833
1999	11	layout-hungaroring-2	layout-hungaroring-2	47.582222	19.251111
1999	12	layout-spa-francorchamps-2	layout-spa-francorchamps-2	50.437222	5.971389
1999	13	layout-monza-6	layout-monza-6	45.620556	9.289444
1999	14	layout-nurburgring-3	layout-nurburgring-3	50.335556	6.9475
1999	15	layout-sepang-1	layout-sepang-1	2.760556	101.7375
1999	16	layout-suzuka-1	layout-suzuka-1	34.843056	136.540556
2000	1	layout-melbourne-1	layout-melbourne-1	-37.849722	144.968333
2000	2	layout-interlagos-2	layout-interlagos-2	-23.701111	-46.697222
2000	3	layout-imola-2	layout-imola-2	44.341111	11.713333
2000	4	layout-silverstone-7	layout-silverstone-7	52.078611	-1.016944
2000	5	layout-catalunya-2	layout-catalunya-2	41.57	2.261111
2000	6	layout-nurburgring-3	layout-nurburgring-3	50.335556	6.9475
2000	7	layout-monaco-5	layout-monaco-5	43.734722	7.420556
2000	8	layout-montreal-5	layout-montreal-5	45.500578	-73.522461
2000	9	layout-magny-cours-2	layout-magny-cours-2	46.863242	3.164228
2000	10	layout-spielberg-3	layout-spielberg-3	47.219722	14.764722
2000	11	layout-hockenheimring-3	layout-hockenheimring-3	49.327778	8.565833
2000	12	layout-hungaroring-2	layout-hungaroring-2	47.582222	19.251111
2000	13	layout-spa-francorchamps-2	layout-spa-francorchamps-2	50.437222	5.971389
2000	14	layout-monza-7	layout-monza-7	45.620556	9.289444
2000	15	layout-indianapolis-2	layout-indianapolis-2	39.798333	-86.232778
2000	16	layout-suzuka-1	layout-suzuka-1	34.843056	136.540556
2000	17	layout-sepang-1	layout-sepang-1	2.760556	101.7375
2001	1	layout-melbourne-1	layout-melbourne-1	-37.849722	144.968333
2001	2	layout-sepang-1	layout-sepang-1	2.760556	101.7375
2001	3	layout-interlagos-2	layout-interlagos-2	-23.701111	-46.697222
2001	4	layout-imola-2	layout-imola-2	44.341111	11.713333
2001	5	layout-catalunya-2	layout-catalunya-2	41.57	2.261111
2001	6	layout-spielberg-3	layout-spielberg-3	47.219722	14.764722
2001	7	layout-monaco-5	layout-monaco-5	43.734722	7.420556
2001	8	layout-montreal-5	layout-montreal-5	45.500578	-73.522461
2001	9	layout-nurburgring-3	layout-nurburgring-3	50.335556	6.9475
2001	10	layout-magny-cours-2	layout-magny-cours-2	46.863242	3.164228
2001	11	layout-silverstone-7	layout-silverstone-7	52.078611	-1.016944
2001	12	layout-hockenheimring-3	layout-hockenheimring-3	49.327778	8.565833
2001	13	layout-hungaroring-2	layout-hungaroring-2	47.582222	19.251111
2001	14	layout-spa-francorchamps-2	layout-spa-francorchamps-2	50.437222	5.971389
2001	15	layout-monza-7	layout-monza-7	45.620556	9.289444
2001	16	layout-indianapolis-2	layout-indianapolis-2	39.798333	-86.232778
2001	17	layout-suzuka-1	layout-suzuka-1	34.843056	136.540556
2002	1	layout-melbourne-1	layout-melbourne-1	-37.849722	144.968333
2002	2	layout-sepang-1	layout-sepang-1	2.760556	101.7375
2002	3	layout-interlagos-2	layout-interlagos-2	-23.701111	-46.697222
2002	4	layout-imola-2	layout-imola-2	44.341111	11.713333
2002	5	layout-catalunya-2	layout-catalunya-2	41.57	2.261111
2002	6	layout-spielberg-3	layout-spielberg-3	47.219722	14.764722
2002	7	layout-monaco-5	layout-monaco-5	43.734722	7.420556
2002	8	layout-montreal-6	layout-montreal-6	45.500578	-73.522461
2002	9	layout-nurburgring-4	layout-nurburgring-4	50.335556	6.9475
2002	10	layout-silverstone-7	layout-silverstone-7	52.078611	-1.016944
2002	11	layout-magny-cours-2	layout-magny-cours-2	46.863242	3.164228
2002	12	layout-hockenheimring-4	layout-hockenheimring-4	49.327778	8.565833
2002	13	layout-hungaroring-2	layout-hungaroring-2	47.582222	19.251111
2002	14	layout-spa-francorchamps-2	layout-spa-francorchamps-2	50.437222	5.971389
2002	15	layout-monza-7	layout-monza-7	45.620556	9.289444
2002	16	layout-indianapolis-2	layout-indianapolis-2	39.798333	-86.232778
2002	17	layout-suzuka-1	layout-suzuka-1	34.843056	136.540556
2003	1	layout-melbourne-1	layout-melbourne-1	-37.849722	144.968333
2003	2	layout-sepang-1	layout-sepang-1	2.760556	101.7375
2003	3	layout-interlagos-2	layout-interlagos-2	-23.701111	-46.697222
2003	4	layout-imola-2	layout-imola-2	44.341111	11.713333
2003	5	layout-catalunya-2	layout-catalunya-2	41.57	2.261111
2003	6	layout-spielberg-3	layout-spielberg-3	47.219722	14.764722
2003	7	layout-monaco-6	layout-monaco-6	43.734722	7.420556
2003	8	layout-montreal-6	layout-montreal-6	45.500578	-73.522461
2003	9	layout-nurburgring-4	layout-nurburgring-4	50.335556	6.9475
2003	10	layout-magny-cours-3	layout-magny-cours-3	46.863242	3.164228
2003	11	layout-silverstone-7	layout-silverstone-7	52.078611	-1.016944
2003	12	layout-hockenheimring-4	layout-hockenheimring-4	49.327778	8.565833
2003	13	layout-hungaroring-3	layout-hungaroring-3	47.582222	19.251111
2003	14	layout-monza-7	layout-monza-7	45.620556	9.289444
2003	15	layout-indianapolis-2	layout-indianapolis-2	39.798333	-86.232778
2003	16	layout-suzuka-2	layout-suzuka-2	34.843056	136.540556
2004	1	layout-melbourne-1	layout-melbourne-1	-37.849722	144.968333
2004	2	layout-sepang-1	layout-sepang-1	2.760556	101.7375
2004	3	layout-bahrain-1	layout-bahrain-1	26.0325	50.510556
2004	4	layout-imola-2	layout-imola-2	44.341111	11.713333
2004	5	layout-catalunya-3	layout-catalunya-3	41.57	2.261111
2004	6	layout-monaco-6	layout-monaco-6	43.734722	7.420556
2004	7	layout-nurburgring-4	layout-nurburgring-4	50.335556	6.9475
2004	8	layout-montreal-6	layout-montreal-6	45.500578	-73.522461
2004	9	layout-indianapolis-2	layout-indianapolis-2	39.798333	-86.232778
2004	10	layout-magny-cours-3	layout-magny-cours-3	46.863242	3.164228
2004	11	layout-silverstone-7	layout-silverstone-7	52.078611	-1.016944
2004	12	layout-hockenheimring-4	layout-hockenheimring-4	49.327778	8.565833
2004	13	layout-hungaroring-3	layout-hungaroring-3	47.582222	19.251111
2004	14	layout-spa-francorchamps-3	layout-spa-francorchamps-3	50.437222	5.971389
2004	15	layout-monza-7	layout-monza-7	45.620556	9.289444
2004	16	layout-shanghai-1	layout-shanghai-1	31.338889	121.219722
2004	17	layout-suzuka-2	layout-suzuka-2	34.843056	136.540556
2004	18	layout-interlagos-2	layout-interlagos-2	-23.701111	-46.697222
2005	1	layout-melbourne-1	layout-melbourne-1	-37.849722	144.968333
2005	2	layout-sepang-1	layout-sepang-1	2.760556	101.7375
2005	3	layout-bahrain-1	layout-bahrain-1	26.0325	50.510556
2005	4	layout-imola-2	layout-imola-2	44.341111	11.713333
2005	5	layout-catalunya-3	layout-catalunya-3	41.57	2.261111
2005	6	layout-monaco-6	layout-monaco-6	43.734722	7.420556
2005	7	layout-nurburgring-4	layout-nurburgring-4	50.335556	6.9475
2005	8	layout-montreal-6	layout-montreal-6	45.500578	-73.522461
2005	9	layout-indianapolis-2	layout-indianapolis-2	39.798333	-86.232778
2005	10	layout-magny-cours-3	layout-magny-cours-3	46.863242	3.164228
2005	11	layout-silverstone-7	layout-silverstone-7	52.078611	-1.016944
2005	12	layout-hockenheimring-4	layout-hockenheimring-4	49.327778	8.565833
2005	13	layout-hungaroring-3	layout-hungaroring-3	47.582222	19.251111
2005	14	layout-istanbul-1	layout-istanbul-1	40.951667	29.405
2005	15	layout-monza-7	layout-monza-7	45.620556	9.289444
2005	16	layout-spa-francorchamps-3	layout-spa-francorchamps-3	50.437222	5.971389
2005	17	layout-interlagos-2	layout-interlagos-2	-23.701111	-46.697222
2005	18	layout-suzuka-2	layout-suzuka-2	34.843056	136.540556
2005	19	layout-shanghai-1	layout-shanghai-1	31.338889	121.219722
2006	1	layout-bahrain-1	layout-bahrain-1	26.0325	50.510556
2006	2	layout-sepang-1	layout-sepang-1	2.760556	101.7375
2006	3	layout-melbourne-1	layout-melbourne-1	-37.849722	144.968333
2006	4	layout-imola-2	layout-imola-2	44.341111	11.713333
2006	5	layout-nurburgring-4	layout-nurburgring-4	50.335556	6.9475
2006	6	layout-catalunya-3	layout-catalunya-3	41.57	2.261111
2006	7	layout-monaco-6	layout-monaco-6	43.734722	7.420556
2006	8	layout-silverstone-7	layout-silverstone-7	52.078611	-1.016944
2006	9	layout-montreal-6	layout-montreal-6	45.500578	-73.522461
2006	10	layout-indianapolis-2	layout-indianapolis-2	39.798333	-86.232778
2006	11	layout-magny-cours-3	layout-magny-cours-3	46.863242	3.164228
2006	12	layout-hockenheimring-4	layout-hockenheimring-4	49.327778	8.565833
2006	13	layout-hungaroring-3	layout-hungaroring-3	47.582222	19.251111
2006	14	layout-istanbul-1	layout-istanbul-1	40.951667	29.405
2006	15	layout-monza-7	layout-monza-7	45.620556	9.289444
2006	16	layout-shanghai-1	layout-shanghai-1	31.338889	121.219722
2006	17	layout-suzuka-2	layout-suzuka-2	34.843056	136.540556
2006	18	layout-interlagos-2	layout-interlagos-2	-23.701111	-46.697222
2007	1	layout-melbourne-1	layout-melbourne-1	-37.849722	144.968333
2007	2	layout-sepang-1	layout-sepang-1	2.760556	101.7375
2007	3	layout-bahrain-1	layout-bahrain-1	26.0325	50.510556
2007	4	layout-catalunya-4	layout-catalunya-4	41.57	2.261111
2007	5	layout-monaco-6	layout-monaco-6	43.734722	7.420556
2007	6	layout-montreal-6	layout-montreal-6	45.500578	-73.522461
2007	7	layout-indianapolis-2	layout-indianapolis-2	39.798333	-86.232778
2007	8	layout-magny-cours-3	layout-magny-cours-3	46.863242	3.164228
2007	9	layout-silverstone-7	layout-silverstone-7	52.078611	-1.016944
2007	10	layout-nurburgring-4	layout-nurburgring-4	50.335556	6.9475
2007	11	layout-hungaroring-3	layout-hungaroring-3	47.582222	19.251111
2007	12	layout-istanbul-1	layout-istanbul-1	40.951667	29.405
2007	13	layout-monza-7	layout-monza-7	45.620556	9.289444
2007	14	layout-spa-francorchamps-4	layout-spa-francorchamps-4	50.437222	5.971389
2007	15	layout-fuji-2	layout-fuji-2	35.371667	138.926667
2007	16	layout-shanghai-1	layout-shanghai-1	31.338889	121.219722
2007	17	layout-interlagos-2	layout-interlagos-2	-23.701111	-46.697222
2008	1	layout-melbourne-1	layout-melbourne-1	-37.849722	144.968333
2008	2	layout-sepang-1	layout-sepang-1	2.760556	101.7375
2008	3	layout-bahrain-1	layout-bahrain-1	26.0325	50.510556
2008	4	layout-catalunya-4	layout-catalunya-4	41.57	2.261111
2008	5	layout-istanbul-1	layout-istanbul-1	40.951667	29.405
2008	6	layout-monaco-6	layout-monaco-6	43.734722	7.420556
2008	7	layout-montreal-6	layout-montreal-6	45.500578	-73.522461
2008	8	layout-magny-cours-3	layout-magny-cours-3	46.863242	3.164228
2008	9	layout-silverstone-7	layout-silverstone-7	52.078611	-1.016944
2008	10	layout-hockenheimring-4	layout-hockenheimring-4	49.327778	8.565833
2008	11	layout-hungaroring-3	layout-hungaroring-3	47.582222	19.251111
2008	12	layout-valencia-1	layout-valencia-1	39.458778	-0.325556
2008	13	layout-spa-francorchamps-4	layout-spa-francorchamps-4	50.437222	5.971389
2008	14	layout-monza-7	layout-monza-7	45.620556	9.289444
2008	15	layout-marina-bay-1	layout-marina-bay-1	1.291531	103.86385
2008	16	layout-fuji-2	layout-fuji-2	35.371667	138.926667
2008	17	layout-shanghai-1	layout-shanghai-1	31.338889	121.219722
2008	18	layout-interlagos-2	layout-interlagos-2	-23.701111	-46.697222
2009	1	layout-melbourne-1	layout-melbourne-1	-37.849722	144.968333
2009	2	layout-sepang-1	layout-sepang-1	2.760556	101.7375
2009	3	layout-shanghai-1	layout-shanghai-1	31.338889	121.219722
2009	4	layout-bahrain-1	layout-bahrain-1	26.0325	50.510556
2009	5	layout-catalunya-4	layout-catalunya-4	41.57	2.261111
2009	6	layout-monaco-6	layout-monaco-6	43.734722	7.420556
2009	7	layout-istanbul-1	layout-istanbul-1	40.951667	29.405
2009	8	layout-silverstone-7	layout-silverstone-7	52.078611	-1.016944
2009	9	layout-nurburgring-4	layout-nurburgring-4	50.335556	6.9475
2009	10	layout-hungaroring-3	layout-hungaroring-3	47.582222	19.251111
2009	11	layout-valencia-1	layout-valencia-1	39.458778	-0.325556
2009	12	layout-spa-francorchamps-4	layout-spa-francorchamps-4	50.437222	5.971389
2009	13	layout-monza-7	layout-monza-7	45.620556	9.289444
2009	14	layout-marina-bay-1	layout-marina-bay-1	1.291531	103.86385
2009	15	layout-suzuka-2	layout-suzuka-2	34.843056	136.540556
2009	16	layout-interlagos-2	layout-interlagos-2	-23.701111	-46.697222
2009	17	layout-yas-marina-1	layout-yas-marina-1	24.467222	54.603056
2010	1	layout-bahrain-2	layout-bahrain-2	26.0325	50.510556
2010	2	layout-melbourne-1	layout-melbourne-1	-37.849722	144.968333
2010	3	layout-sepang-1	layout-sepang-1	2.760556	101.7375
2010	4	layout-shanghai-1	layout-shanghai-1	31.338889	121.219722
2010	5	layout-catalunya-4	layout-catalunya-4	41.57	2.261111
2010	6	layout-monaco-6	layout-monaco-6	43.734722	7.420556
2010	7	layout-istanbul-1	layout-istanbul-1	40.951667	29.405
2010	8	layout-montreal-6	layout-montreal-6	45.500578	-73.522461
2010	9	layout-valencia-1	layout-valencia-1	39.458778	-0.325556
2010	10	layout-silverstone-8	layout-silverstone-8	52.078611	-1.016944
2010	11	layout-hockenheimring-4	layout-hockenheimring-4	49.327778	8.565833
2010	12	layout-hungaroring-3	layout-hungaroring-3	47.582222	19.251111
2010	13	layout-spa-francorchamps-4	layout-spa-francorchamps-4	50.437222	5.971389
2010	14	layout-monza-7	layout-monza-7	45.620556	9.289444
2010	15	layout-marina-bay-1	layout-marina-bay-1	1.291531	103.86385
2010	16	layout-suzuka-2	layout-suzuka-2	34.843056	136.540556
2010	17	layout-yeongam-1	layout-yeongam-1	34.733333	126.416667
2010	18	layout-interlagos-2	layout-interlagos-2	-23.701111	-46.697222
2010	19	layout-yas-marina-1	layout-yas-marina-1	24.467222	54.603056
2011	1	layout-melbourne-1	layout-melbourne-1	-37.849722	144.968333
2011	2	layout-sepang-1	layout-sepang-1	2.760556	101.7375
2011	3	layout-shanghai-1	layout-shanghai-1	31.338889	121.219722
2011	4	layout-istanbul-1	layout-istanbul-1	40.951667	29.405
2011	5	layout-catalunya-4	layout-catalunya-4	41.57	2.261111
2011	6	layout-monaco-6	layout-monaco-6	43.734722	7.420556
2011	7	layout-montreal-6	layout-montreal-6	45.500578	-73.522461
2011	8	layout-valencia-1	layout-valencia-1	39.458778	-0.325556
2011	9	layout-silverstone-8	layout-silverstone-8	52.078611	-1.016944
2011	10	layout-nurburgring-4	layout-nurburgring-4	50.335556	6.9475
2011	11	layout-hungaroring-3	layout-hungaroring-3	47.582222	19.251111
2011	12	layout-spa-francorchamps-4	layout-spa-francorchamps-4	50.437222	5.971389
2011	13	layout-monza-7	layout-monza-7	45.620556	9.289444
2011	14	layout-marina-bay-1	layout-marina-bay-1	1.291531	103.86385
2011	15	layout-suzuka-2	layout-suzuka-2	34.843056	136.540556
2011	16	layout-yeongam-1	layout-yeongam-1	34.733333	126.416667
2011	17	layout-buddh-1	layout-buddh-1	28.350556	77.535
2011	18	layout-yas-marina-1	layout-yas-marina-1	24.467222	54.603056
2011	19	layout-interlagos-2	layout-interlagos-2	-23.701111	-46.697222
2012	1	layout-melbourne-1	layout-melbourne-1	-37.849722	144.968333
2012	2	layout-sepang-1	layout-sepang-1	2.760556	101.7375
2012	3	layout-shanghai-1	layout-shanghai-1	31.338889	121.219722
2012	4	layout-bahrain-1	layout-bahrain-1	26.0325	50.510556
2012	5	layout-catalunya-4	layout-catalunya-4	41.57	2.261111
2012	6	layout-monaco-6	layout-monaco-6	43.734722	7.420556
2012	7	layout-montreal-6	layout-montreal-6	45.500578	-73.522461
2012	8	layout-valencia-1	layout-valencia-1	39.458778	-0.325556
2012	9	layout-silverstone-8	layout-silverstone-8	52.078611	-1.016944
2012	10	layout-hockenheimring-4	layout-hockenheimring-4	49.327778	8.565833
2012	11	layout-hungaroring-3	layout-hungaroring-3	47.582222	19.251111
2012	12	layout-spa-francorchamps-4	layout-spa-francorchamps-4	50.437222	5.971389
2012	13	layout-monza-7	layout-monza-7	45.620556	9.289444
2012	14	layout-marina-bay-1	layout-marina-bay-1	1.291531	103.86385
2012	15	layout-suzuka-2	layout-suzuka-2	34.843056	136.540556
2012	16	layout-yeongam-1	layout-yeongam-1	34.733333	126.416667
2012	17	layout-buddh-1	layout-buddh-1	28.350556	77.535
2012	18	layout-yas-marina-1	layout-yas-marina-1	24.467222	54.603056
2012	19	layout-austin-1	layout-austin-1	30.132778	-97.641111
2012	20	layout-interlagos-2	layout-interlagos-2	-23.701111	-46.697222
2013	1	layout-melbourne-1	layout-melbourne-1	-37.849722	144.968333
2013	2	layout-sepang-1	layout-sepang-1	2.760556	101.7375
2013	3	layout-shanghai-1	layout-shanghai-1	31.338889	121.219722
2013	4	layout-bahrain-1	layout-bahrain-1	26.0325	50.510556
2013	5	layout-catalunya-4	layout-catalunya-4	41.57	2.261111
2013	6	layout-monaco-6	layout-monaco-6	43.734722	7.420556
2013	7	layout-montreal-6	layout-montreal-6	45.500578	-73.522461
2013	8	layout-silverstone-8	layout-silverstone-8	52.078611	-1.016944
2013	9	layout-nurburgring-4	layout-nurburgring-4	50.335556	6.9475
2013	10	layout-hungaroring-3	layout-hungaroring-3	47.582222	19.251111
2013	11	layout-spa-francorchamps-4	layout-spa-francorchamps-4	50.437222	5.971389
2013	12	layout-monza-7	layout-monza-7	45.620556	9.289444
2013	13	layout-marina-bay-2	layout-marina-bay-2	1.291531	103.86385
2013	14	layout-yeongam-1	layout-yeongam-1	34.733333	126.416667
2013	15	layout-suzuka-2	layout-suzuka-2	34.843056	136.540556
2013	16	layout-buddh-1	layout-buddh-1	28.350556	77.535
2013	17	layout-yas-marina-1	layout-yas-marina-1	24.467222	54.603056
2013	18	layout-austin-1	layout-austin-1	30.132778	-97.641111
2013	19	layout-interlagos-2	layout-interlagos-2	-23.701111	-46.697222
2014	1	layout-melbourne-1	layout-melbourne-1	-37.849722	144.968333
2014	2	layout-sepang-1	layout-sepang-1	2.760556	101.7375
2014	3	layout-bahrain-1	layout-bahrain-1	26.0325	50.510556
2014	4	layout-shanghai-1	layout-shanghai-1	31.338889	121.219722
2014	5	layout-catalunya-4	layout-catalunya-4	41.57	2.261111
2014	6	layout-monaco-6	layout-monaco-6	43.734722	7.420556
2014	7	layout-montreal-6	layout-montreal-6	45.500578	-73.522461
2014	8	layout-spielberg-3	layout-spielberg-3	47.219722	14.764722
2014	9	layout-silverstone-8	layout-silverstone-8	52.078611	-1.016944
2014	10	layout-hockenheimring-4	layout-hockenheimring-4	49.327778	8.565833
2014	11	layout-hungaroring-3	layout-hungaroring-3	47.582222	19.251111
2014	12	layout-spa-francorchamps-4	layout-spa-francorchamps-4	50.437222	5.971389
2014	13	layout-monza-7	layout-monza-7	45.620556	9.289444
2014	14	layout-marina-bay-2	layout-marina-bay-2	1.291531	103.86385
2014	15	layout-suzuka-2	layout-suzuka-2	34.843056	136.540556
2014	16	layout-sochi-1	layout-sochi-1	43.410278	39.968271
2014	17	layout-austin-1	layout-austin-1	30.132778	-97.641111
2014	18	layout-interlagos-2	layout-interlagos-2	-23.701111	-46.697222
2014	19	layout-yas-marina-1	layout-yas-marina-1	24.467222	54.603056
2015	1	layout-melbourne-1	layout-melbourne-1	-37.849722	144.968333
2015	2	layout-sepang-1	layout-sepang-1	2.760556	101.7375
2015	3	layout-shanghai-1	layout-shanghai-1	31.338889	121.219722
2015	4	layout-bahrain-1	layout-bahrain-1	26.0325	50.510556
2015	5	layout-catalunya-4	layout-catalunya-4	41.57	2.261111
2015	6	layout-monaco-6	layout-monaco-6	43.734722	7.420556
2015	7	layout-montreal-6	layout-montreal-6	45.500578	-73.522461
2015	8	layout-spielberg-3	layout-spielberg-3	47.219722	14.764722
2015	9	layout-silverstone-8	layout-silverstone-8	52.078611	-1.016944
2015	10	layout-hungaroring-3	layout-hungaroring-3	47.582222	19.251111
2015	11	layout-spa-francorchamps-4	layout-spa-francorchamps-4	50.437222	5.971389
2015	12	layout-monza-7	layout-monza-7	45.620556	9.289444
2015	13	layout-marina-bay-3	layout-marina-bay-3	1.291531	103.86385
2015	14	layout-suzuka-2	layout-suzuka-2	34.843056	136.540556
2015	15	layout-sochi-1	layout-sochi-1	43.410278	39.968271
2015	16	layout-austin-1	layout-austin-1	30.132778	-97.641111
2015	17	layout-mexico-city-3	layout-mexico-city-3	19.404197	-99.088747
2015	18	layout-interlagos-2	layout-interlagos-2	-23.701111	-46.697222
2015	19	layout-yas-marina-1	layout-yas-marina-1	24.467222	54.603056
2016	1	layout-melbourne-1	layout-melbourne-1	-37.849722	144.968333
2016	2	layout-bahrain-1	layout-bahrain-1	26.0325	50.510556
2016	3	layout-shanghai-1	layout-shanghai-1	31.338889	121.219722
2016	4	layout-sochi-1	layout-sochi-1	43.410278	39.968271
2016	5	layout-catalunya-4	layout-catalunya-4	41.57	2.261111
2016	6	layout-monaco-6	layout-monaco-6	43.734722	7.420556
2016	7	layout-montreal-6	layout-montreal-6	45.500578	-73.522461
2016	8	layout-baku-1	layout-baku-1	40.3725	49.853333
2016	9	layout-spielberg-3	layout-spielberg-3	47.219722	14.764722
2016	10	layout-silverstone-8	layout-silverstone-8	52.078611	-1.016944
2016	11	layout-hungaroring-3	layout-hungaroring-3	47.582222	19.251111
2016	12	layout-hockenheimring-4	layout-hockenheimring-4	49.327778	8.565833
2016	13	layout-spa-francorchamps-4	layout-spa-francorchamps-4	50.437222	5.971389
2016	14	layout-monza-7	layout-monza-7	45.620556	9.289444
2016	15	layout-marina-bay-3	layout-marina-bay-3	1.291531	103.86385
2016	16	layout-sepang-1	layout-sepang-1	2.760556	101.7375
2016	17	layout-suzuka-2	layout-suzuka-2	34.843056	136.540556
2016	18	layout-austin-1	layout-austin-1	30.132778	-97.641111
2016	19	layout-mexico-city-3	layout-mexico-city-3	19.404197	-99.088747
2016	20	layout-interlagos-2	layout-interlagos-2	-23.701111	-46.697222
2016	21	layout-yas-marina-1	layout-yas-marina-1	24.467222	54.603056
2017	1	layout-melbourne-1	layout-melbourne-1	-37.849722	144.968333
2017	2	layout-shanghai-1	layout-shanghai-1	31.338889	121.219722
2017	3	layout-bahrain-1	layout-bahrain-1	26.0325	50.510556
2017	4	layout-sochi-1	layout-sochi-1	43.410278	39.968271
2017	5	layout-catalunya-4	layout-catalunya-4	41.57	2.261111
2017	6	layout-monaco-6	layout-monaco-6	43.734722	7.420556
2017	7	layout-montreal-6	layout-montreal-6	45.500578	-73.522461
2017	8	layout-baku-1	layout-baku-1	40.3725	49.853333
2017	9	layout-spielberg-3	layout-spielberg-3	47.219722	14.764722
2017	10	layout-silverstone-8	layout-silverstone-8	52.078611	-1.016944
2017	11	layout-hungaroring-3	layout-hungaroring-3	47.582222	19.251111
2017	12	layout-spa-francorchamps-4	layout-spa-francorchamps-4	50.437222	5.971389
2017	13	layout-monza-7	layout-monza-7	45.620556	9.289444
2017	14	layout-marina-bay-3	layout-marina-bay-3	1.291531	103.86385
2017	15	layout-sepang-1	layout-sepang-1	2.760556	101.7375
2017	16	layout-suzuka-2	layout-suzuka-2	34.843056	136.540556
2017	17	layout-austin-1	layout-austin-1	30.132778	-97.641111
2017	18	layout-mexico-city-3	layout-mexico-city-3	19.404197	-99.088747
2017	19	layout-interlagos-2	layout-interlagos-2	-23.701111	-46.697222
2017	20	layout-yas-marina-1	layout-yas-marina-1	24.467222	54.603056
2018	1	layout-melbourne-1	layout-melbourne-1	-37.849722	144.968333
2018	2	layout-bahrain-1	layout-bahrain-1	26.0325	50.510556
2018	3	layout-shanghai-1	layout-shanghai-1	31.338889	121.219722
2018	4	layout-baku-1	layout-baku-1	40.3725	49.853333
2018	5	layout-catalunya-4	layout-catalunya-4	41.57	2.261111
2018	6	layout-monaco-6	layout-monaco-6	43.734722	7.420556
2018	7	layout-montreal-6	layout-montreal-6	45.500578	-73.522461
2018	8	layout-paul-ricard-3	layout-paul-ricard-3	43.250556	5.791667
2018	9	layout-spielberg-3	layout-spielberg-3	47.219722	14.764722
2018	10	layout-silverstone-8	layout-silverstone-8	52.078611	-1.016944
2018	11	layout-hockenheimring-4	layout-hockenheimring-4	49.327778	8.565833
2018	12	layout-hungaroring-3	layout-hungaroring-3	47.582222	19.251111
2018	13	layout-spa-francorchamps-4	layout-spa-francorchamps-4	50.437222	5.971389
2018	14	layout-monza-7	layout-monza-7	45.620556	9.289444
2018	15	layout-marina-bay-3	layout-marina-bay-3	1.291531	103.86385
2018	16	layout-sochi-1	layout-sochi-1	43.410278	39.968271
2018	17	layout-suzuka-2	layout-suzuka-2	34.843056	136.540556
2018	18	layout-austin-1	layout-austin-1	30.132778	-97.641111
2018	19	layout-mexico-city-3	layout-mexico-city-3	19.404197	-99.088747
2018	20	layout-interlagos-2	layout-interlagos-2	-23.701111	-46.697222
2018	21	layout-yas-marina-1	layout-yas-marina-1	24.467222	54.603056
2019	1	layout-melbourne-1	layout-melbourne-1	-37.849722	144.968333
2019	2	layout-bahrain-1	layout-bahrain-1	26.0325	50.510556
2019	3	layout-shanghai-1	layout-shanghai-1	31.338889	121.219722
2019	4	layout-baku-1	layout-baku-1	40.3725	49.853333
2019	5	layout-catalunya-4	layout-catalunya-4	41.57	2.261111
2019	6	layout-monaco-6	layout-monaco-6	43.734722	7.420556
2019	7	layout-montreal-6	layout-montreal-6	45.500578	-73.522461
2019	8	layout-paul-ricard-3	layout-paul-ricard-3	43.250556	5.791667
2019	9	layout-spielberg-3	layout-spielberg-3	47.219722	14.764722
2019	10	layout-silverstone-8	layout-silverstone-8	52.078611	-1.016944
2019	11	layout-hockenheimring-4	layout-hockenheimring-4	49.327778	8.565833
2019	12	layout-hungaroring-3	layout-hungaroring-3	47.582222	19.251111
2019	13	layout-spa-francorchamps-4	layout-spa-francorchamps-4	50.437222	5.971389
2019	14	layout-monza-7	layout-monza-7	45.620556	9.289444
2019	15	layout-marina-bay-3	layout-marina-bay-3	1.291531	103.86385
2019	16	layout-sochi-1	layout-sochi-1	43.410278	39.968271
2019	17	layout-suzuka-2	layout-suzuka-2	34.843056	136.540556
2019	18	layout-mexico-city-3	layout-mexico-city-3	19.404197	-99.088747
2019	19	layout-austin-1	layout-austin-1	30.132778	-97.641111
2019	20	layout-interlagos-2	layout-interlagos-2	-23.701111	-46.697222
2019	21	layout-yas-marina-1	layout-yas-marina-1	24.467222	54.603056
2020	1	layout-spielberg-3	layout-spielberg-3	47.219722	14.764722
2020	2	layout-spielberg-3	layout-spielberg-3	47.219722	14.764722
2020	3	layout-hungaroring-3	layout-hungaroring-3	47.582222	19.251111
2020	4	layout-silverstone-8	layout-silverstone-8	52.078611	-1.016944
2020	5	layout-silverstone-8	layout-silverstone-8	52.078611	-1.016944
2020	6	layout-catalunya-4	layout-catalunya-4	41.57	2.261111
2020	7	layout-spa-francorchamps-4	layout-spa-francorchamps-4	50.437222	5.971389
2020	8	layout-monza-7	layout-monza-7	45.620556	9.289444
2020	9	layout-mugello-1	layout-mugello-1	43.9975	11.371944
2020	10	layout-sochi-1	layout-sochi-1	43.410278	39.968271
2020	11	layout-nurburgring-4	layout-nurburgring-4	50.335556	6.9475
2020	12	layout-portimao-1	layout-portimao-1	37.221944	-8.629444
2020	13	layout-imola-3	layout-imola-3	44.341111	11.713333
2020	14	layout-istanbul-1	layout-istanbul-1	40.951667	29.405
2020	15	layout-bahrain-1	layout-bahrain-1	26.0325	50.510556
2020	16	layout-bahrain-3	layout-bahrain-3	26.0325	50.510556
2020	17	layout-yas-marina-1	layout-yas-marina-1	24.467222	54.603056
2021	1	layout-bahrain-1	layout-bahrain-1	26.0325	50.510556
2021	2	layout-imola-3	layout-imola-3	44.341111	11.713333
2021	3	layout-portimao-1	layout-portimao-1	37.221944	-8.629444
2021	4	layout-catalunya-5	layout-catalunya-5	41.57	2.261111
2021	5	layout-monaco-6	layout-monaco-6	43.734722	7.420556
2021	6	layout-baku-1	layout-baku-1	40.3725	49.853333
2021	7	layout-paul-ricard-3	layout-paul-ricard-3	43.250556	5.791667
2021	8	layout-spielberg-3	layout-spielberg-3	47.219722	14.764722
2021	9	layout-spielberg-3	layout-spielberg-3	47.219722	14.764722
2021	10	layout-silverstone-8	layout-silverstone-8	52.078611	-1.016944
2021	11	layout-hungaroring-3	layout-hungaroring-3	47.582222	19.251111
2021	12	layout-spa-francorchamps-4	layout-spa-francorchamps-4	50.437222	5.971389
2021	13	layout-zandvoort-5	layout-zandvoort-5	52.388819	4.540922
2021	14	layout-monza-7	layout-monza-7	45.620556	9.289444
2021	15	layout-sochi-1	layout-sochi-1	43.410278	39.968271
2021	16	layout-istanbul-1	layout-istanbul-1	40.951667	29.405
2021	17	layout-austin-1	layout-austin-1	30.132778	-97.641111
2021	18	layout-mexico-city-3	layout-mexico-city-3	19.404197	-99.088747
2021	19	layout-interlagos-2	layout-interlagos-2	-23.701111	-46.697222
2021	20	layout-lusail-1	layout-lusail-1	25.49	51.454167
2021	21	layout-jeddah-1	layout-jeddah-1	21.543333	39.172778
2021	22	layout-yas-marina-2	layout-yas-marina-2	24.467222	54.603056
2022	1	layout-bahrain-1	layout-bahrain-1	26.0325	50.510556
2022	2	layout-jeddah-1	layout-jeddah-1	21.543333	39.172778
2022	3	layout-melbourne-2	layout-melbourne-2	-37.849722	144.968333
2022	4	layout-imola-3	layout-imola-3	44.341111	11.713333
2022	5	layout-miami-1	layout-miami-1	25.958056	-80.238889
2022	6	layout-catalunya-5	layout-catalunya-5	41.57	2.261111
2022	7	layout-monaco-6	layout-monaco-6	43.734722	7.420556
2022	8	layout-baku-1	layout-baku-1	40.3725	49.853333
2022	9	layout-montreal-6	layout-montreal-6	45.500578	-73.522461
2022	10	layout-silverstone-8	layout-silverstone-8	52.078611	-1.016944
2022	11	layout-spielberg-3	layout-spielberg-3	47.219722	14.764722
2022	12	layout-paul-ricard-3	layout-paul-ricard-3	43.250556	5.791667
2022	13	layout-hungaroring-3	layout-hungaroring-3	47.582222	19.251111
2022	14	layout-spa-francorchamps-4	layout-spa-francorchamps-4	50.437222	5.971389
2022	15	layout-zandvoort-5	layout-zandvoort-5	52.388819	4.540922
2022	16	layout-monza-7	layout-monza-7	45.620556	9.289444
2022	17	layout-marina-bay-3	layout-marina-bay-3	1.291531	103.86385
2022	18	layout-suzuka-2	layout-suzuka-2	34.843056	136.540556
2022	19	layout-austin-1	layout-austin-1	30.132778	-97.641111
2022	20	layout-mexico-city-3	layout-mexico-city-3	19.404197	-99.088747
2022	21	layout-interlagos-2	layout-interlagos-2	-23.701111	-46.697222
2022	22	layout-yas-marina-2	layout-yas-marina-2	24.467222	54.603056
2023	1	layout-bahrain-1	layout-bahrain-1	26.0325	50.510556
2023	2	layout-jeddah-1	layout-jeddah-1	21.543333	39.172778
2023	3	layout-melbourne-2	layout-melbourne-2	-37.849722	144.968333
2023	4	layout-baku-1	layout-baku-1	40.3725	49.853333
2023	5	layout-miami-1	layout-miami-1	25.958056	-80.238889
2023	6	layout-monaco-6	layout-monaco-6	43.734722	7.420556
2023	7	layout-catalunya-6	layout-catalunya-6	41.57	2.261111
2023	8	layout-montreal-6	layout-montreal-6	45.500578	-73.522461
2023	9	layout-spielberg-3	layout-spielberg-3	47.219722	14.764722
2023	10	layout-silverstone-8	layout-silverstone-8	52.078611	-1.016944
2023	11	layout-hungaroring-3	layout-hungaroring-3	47.582222	19.251111
2023	12	layout-spa-francorchamps-4	layout-spa-francorchamps-4	50.437222	5.971389
2023	13	layout-zandvoort-5	layout-zandvoort-5	52.388819	4.540922
2023	14	layout-monza-7	layout-monza-7	45.620556	9.289444
2023	15	layout-marina-bay-4	layout-marina-bay-4	1.291531	103.86385
2023	16	layout-suzuka-2	layout-suzuka-2	34.843056	136.540556
2023	17	layout-lusail-1	layout-lusail-1	25.49	51.454167
2023	18	layout-austin-1	layout-austin-1	30.132778	-97.641111
2023	19	layout-mexico-city-3	layout-mexico-city-3	19.404197	-99.088747
2023	20	layout-interlagos-2	layout-interlagos-2	-23.701111	-46.697222
2023	21	layout-las-vegas-1	layout-las-vegas-1	36.175	-115.136389
2023	22	layout-yas-marina-2	layout-yas-marina-2	24.467222	54.603056
2024	1	layout-bahrain-1	layout-bahrain-1	26.0325	50.510556
2024	2	layout-jeddah-1	layout-jeddah-1	21.543333	39.172778
2024	3	layout-melbourne-2	layout-melbourne-2	-37.849722	144.968333
2024	4	layout-suzuka-2	layout-suzuka-2	34.843056	136.540556
2024	5	layout-shanghai-1	layout-shanghai-1	31.338889	121.219722
2024	6	layout-miami-1	layout-miami-1	25.958056	-80.238889
2024	7	layout-imola-3	layout-imola-3	44.341111	11.713333
2024	8	layout-monaco-6	layout-monaco-6	43.734722	7.420556
2024	9	layout-montreal-6	layout-montreal-6	45.500578	-73.522461
2024	10	layout-catalunya-6	layout-catalunya-6	41.57	2.261111
2024	11	layout-spielberg-3	layout-spielberg-3	47.219722	14.764722
2024	12	layout-silverstone-8	layout-silverstone-8	52.078611	-1.016944
2024	13	layout-hungaroring-3	layout-hungaroring-3	47.582222	19.251111
2024	14	layout-spa-francorchamps-4	layout-spa-francorchamps-4	50.437222	5.971389
2024	15	layout-zandvoort-5	layout-zandvoort-5	52.388819	4.540922
2024	16	layout-monza-7	layout-monza-7	45.620556	9.289444
2024	17	layout-baku-1	layout-baku-1	40.3725	49.853333
2024	18	layout-marina-bay-4	layout-marina-bay-4	1.291531	103.86385
2024	19	layout-austin-1	layout-austin-1	30.132778	-97.641111
2024	20	layout-mexico-city-3	layout-mexico-city-3	19.404197	-99.088747
2024	21	layout-interlagos-2	layout-interlagos-2	-23.701111	-46.697222
2024	22	layout-las-vegas-1	layout-las-vegas-1	36.175	-115.136389
2024	23	layout-lusail-1	layout-lusail-1	25.49	51.454167
2024	24	layout-yas-marina-2	layout-yas-marina-2	24.467222	54.603056
2025	1	layout-melbourne-2	layout-melbourne-2	-37.849722	144.968333
2025	2	layout-shanghai-1	layout-shanghai-1	31.338889	121.219722
2025	3	layout-suzuka-2	layout-suzuka-2	34.843056	136.540556
2025	4	layout-bahrain-1	layout-bahrain-1	26.0325	50.510556
2025	5	layout-jeddah-1	layout-jeddah-1	21.543333	39.172778
2025	6	layout-miami-1	layout-miami-1	25.958056	-80.238889
2025	7	layout-imola-3	layout-imola-3	44.341111	11.713333
2025	8	layout-monaco-6	layout-monaco-6	43.734722	7.420556
2025	9	layout-catalunya-6	layout-catalunya-6	41.57	2.261111
2025	10	layout-montreal-6	layout-montreal-6	45.500578	-73.522461
2025	11	layout-spielberg-3	layout-spielberg-3	47.219722	14.764722
2025	12	layout-silverstone-8	layout-silverstone-8	52.078611	-1.016944
2025	13	layout-spa-francorchamps-4	layout-spa-francorchamps-4	50.437222	5.971389
2025	14	layout-hungaroring-3	layout-hungaroring-3	47.582222	19.251111
2025	15	layout-zandvoort-5	layout-zandvoort-5	52.388819	4.540922
2025	16	layout-monza-7	layout-monza-7	45.620556	9.289444
2025	17	layout-baku-1	layout-baku-1	40.3725	49.853333
2025	18	layout-marina-bay-4	layout-marina-bay-4	1.291531	103.86385
2025	19	layout-austin-1	layout-austin-1	30.132778	-97.641111
2025	20	layout-mexico-city-3	layout-mexico-city-3	19.404197	-99.088747
2025	21	layout-interlagos-2	layout-interlagos-2	-23.701111	-46.697222
2025	22	layout-las-vegas-1	layout-las-vegas-1	36.175	-115.136389
2025	23	layout-lusail-1	layout-lusail-1	25.49	51.454167
2025	24	layout-yas-marina-2	layout-yas-marina-2	24.467222	54.603056
2026	1	layout-melbourne-2	layout-melbourne-2	-37.849722	144.968333
2026	2	layout-shanghai-1	layout-shanghai-1	31.338889	121.219722
2026	3	layout-suzuka-2	layout-suzuka-2	34.843056	136.540556
2026	4	layout-miami-1	layout-miami-1	25.958056	-80.238889
2026	5	layout-montreal-6	layout-montreal-6	45.500578	-73.522461
2026	6	layout-monaco-6	layout-monaco-6	43.734722	7.420556
2026	7	layout-catalunya-6	layout-catalunya-6	41.57	2.261111
2026	8	layout-spielberg-3	layout-spielberg-3	47.219722	14.764722
2026	9	layout-silverstone-8	layout-silverstone-8	52.078611	-1.016944
2026	10	layout-spa-francorchamps-4	layout-spa-francorchamps-4	50.437222	5.971389
2026	11	layout-hungaroring-3	layout-hungaroring-3	47.582222	19.251111
2026	12	layout-zandvoort-5	layout-zandvoort-5	52.388819	4.540922
2026	13	layout-monza-7	layout-monza-7	45.620556	9.289444
2026	14	layout-madring-1	layout-madring-1	40.465278	-3.615278
2026	15	layout-baku-1	layout-baku-1	40.3725	49.853333
2026	16	layout-marina-bay-4	layout-marina-bay-4	1.291531	103.86385
2026	17	layout-austin-1	layout-austin-1	30.132778	-97.641111
2026	18	layout-mexico-city-3	layout-mexico-city-3	19.404197	-99.088747
2026	19	layout-interlagos-2	layout-interlagos-2	-23.701111	-46.697222
2026	20	layout-las-vegas-1	layout-las-vegas-1	36.175	-115.136389
2026	21	layout-lusail-1	layout-lusail-1	25.49	51.454167
2026	22	layout-yas-marina-2	layout-yas-marina-2	24.467222	54.603056
